mpg,cylinders,displacement,horsepower,weight,acceleration,model year,origin,car name,x,y,z,1,20,30,a,b,c
"18.0   8   307.0      130.0      3504.      12.0   70  1	""chevrolet chevelle malibu""",,,,,,,,,18,307,130,3504,12,70,,,
"15.0   8   350.0      165.0      3693.      11.5   70  1	""buick skylark 320""",,,,,,,,,15,350,165,3693,11,70,320,,
"18.0   8   318.0      150.0      3436.      11.0   70  1	""plymouth satellite""",,,,,,,,,18,318,150,3436,11,70,,,
"16.0   8   304.0      150.0      3433.      12.0   70  1	""amc rebel sst""",,,,,,,,,16,304,150,3433,12,70,,,
"17.0   8   302.0      140.0      3449.      10.5   70  1	""ford torino""",,,,,,,,,17,302,140,3449,10,70,,,
"15.0   8   429.0      198.0      4341.      10.0   70  1	""ford galaxie 500""",,,,,,,,,15,429,198,4341,10,70,500,,
"14.0   8   454.0      220.0      4354.       9.0   70  1	""chevrolet impala""",,,,,,,,,14,454,220,4354,70,,,,
"14.0   8   440.0      215.0      4312.       8.5   70  1	""plymouth fury iii""",,,,,,,,,14,440,215,4312,70,,,,
"14.0   8   455.0      225.0      4425.      10.0   70  1	""pontiac catalina""",,,,,,,,,14,455,225,4425,10,70,,,
"15.0   8   390.0      190.0      3850.       8.5   70  1	""amc ambassador dpl""",,,,,,,,,15,390,190,3850,70,,,,
"15.0   8   383.0      170.0      3563.      10.0   70  1	""dodge challenger se""",,,,,,,,,15,383,170,3563,10,70,,,
"14.0   8   340.0      160.0      3609.       8.0   70  1	""plymouth 'cuda 340""",,,,,,,,,14,340,160,3609,70,340,,,
"15.0   8   400.0      150.0      3761.       9.5   70  1	""chevrolet monte carlo""",,,,,,,,,15,400,150,3761,70,,,,
"14.0   8   455.0      225.0      3086.      10.0   70  1	""buick estate wagon (sw)""",,,,,,,,,14,455,225,3086,10,70,,,
"24.0   4   113.0      95.00      2372.      15.0   70  3	""toyota corona mark ii""",,,,,,,,,24,113,95,00,2372,15,70,,
"22.0   6   198.0      95.00      2833.      15.5   70  1	""plymouth duster""",,,,,,,,,22,198,95,00,2833,15,70,,
"18.0   6   199.0      97.00      2774.      15.5   70  1	""amc hornet""",,,,,,,,,18,199,97,00,2774,15,70,,
"21.0   6   200.0      85.00      2587.      16.0   70  1	""ford maverick""",,,,,,,,,21,200,85,00,2587,16,70,,
"27.0   4   97.00      88.00      2130.      14.5   70  3	""datsun pl510""",,,,,,,,,27,97,00,88,00,2130,14,70,510
"26.0   4   97.00      46.00      1835.      20.5   70  2	""volkswagen 1131 deluxe sedan""",,,,,,,,,26,97,00,46,00,1835,20,70,1131
"25.0   4   110.0      87.00      2672.      17.5   70  2	""peugeot 504""",,,,,,,,,25,110,87,00,2672,17,70,504,
"24.0   4   107.0      90.00      2430.      14.5   70  2	""audi 100 ls""",,,,,,,,,24,107,90,00,2430,14,70,100,
"25.0   4   104.0      95.00      2375.      17.5   70  2	""saab 99e""",,,,,,,,,25,104,95,00,2375,17,70,99,
"26.0   4   121.0      113.0      2234.      12.5   70  2	""bmw 2002""",,,,,,,,,26,121,113,2234,12,70,2002,,
"21.0   6   199.0      90.00      2648.      15.0   70  1	""amc gremlin""",,,,,,,,,21,199,90,00,2648,15,70,,
"10.0   8   360.0      215.0      4615.      14.0   70  1	""ford f250""",,,,,,,,,10,360,215,4615,14,70,250,,
"10.0   8   307.0      200.0      4376.      15.0   70  1	""chevy c20""",,,,,,,,,10,307,200,4376,15,70,20,,
"11.0   8   318.0      210.0      4382.      13.5   70  1	""dodge d200""",,,,,,,,,11,318,210,4382,13,70,200,,
"9.0    8   304.0      193.0      4732.      18.5   70  1	""hi 1200d""",,,,,,,,,304,193,4732,18,70,1200,,,
"27.0   4   97.00      88.00      2130.      14.5   71  3	""datsun pl510""",,,,,,,,,27,97,00,88,00,2130,14,71,510
"28.0   4   140.0      90.00      2264.      15.5   71  1	""chevrolet vega 2300""",,,,,,,,,28,140,90,00,2264,15,71,2300,
"25.0   4   113.0      95.00      2228.      14.0   71  3	""toyota corona""",,,,,,,,,25,113,95,00,2228,14,71,,
"25.0   4   98.00      ?          2046.      19.0   71  1	""ford pinto""",,,,,,,,,25,98,00,2046,19,71,,,
"19.0   6   232.0      100.0      2634.      13.0   71  1	""amc gremlin""",,,,,,,,,19,232,100,2634,13,71,,,
"16.0   6   225.0      105.0      3439.      15.5   71  1	""plymouth satellite custom""",,,,,,,,,16,225,105,3439,15,71,,,
"17.0   6   250.0      100.0      3329.      15.5   71  1	""chevrolet chevelle malibu""",,,,,,,,,17,250,100,3329,15,71,,,
"19.0   6   250.0      88.00      3302.      15.5   71  1	""ford torino 500""",,,,,,,,,19,250,88,00,3302,15,71,500,
"18.0   6   232.0      100.0      3288.      15.5   71  1	""amc matador""",,,,,,,,,18,232,100,3288,15,71,,,
"14.0   8   350.0      165.0      4209.      12.0   71  1	""chevrolet impala""",,,,,,,,,14,350,165,4209,12,71,,,
"14.0   8   400.0      175.0      4464.      11.5   71  1	""pontiac catalina brougham""",,,,,,,,,14,400,175,4464,11,71,,,
"14.0   8   351.0      153.0      4154.      13.5   71  1	""ford galaxie 500""",,,,,,,,,14,351,153,4154,13,71,500,,
"14.0   8   318.0      150.0      4096.      13.0   71  1	""plymouth fury iii""",,,,,,,,,14,318,150,4096,13,71,,,
"12.0   8   383.0      180.0      4955.      11.5   71  1	""dodge monaco (sw)""",,,,,,,,,12,383,180,4955,11,71,,,
"13.0   8   400.0      170.0      4746.      12.0   71  1	""ford country squire (sw)""",,,,,,,,,13,400,170,4746,12,71,,,
"13.0   8   400.0      175.0      5140.      12.0   71  1	""pontiac safari (sw)""",,,,,,,,,13,400,175,5140,12,71,,,
"18.0   6   258.0      110.0      2962.      13.5   71  1	""amc hornet sportabout (sw)""",,,,,,,,,18,258,110,2962,13,71,,,
"22.0   4   140.0      72.00      2408.      19.0   71  1	""chevrolet vega (sw)""",,,,,,,,,22,140,72,00,2408,19,71,,
"19.0   6   250.0      100.0      3282.      15.0   71  1	""pontiac firebird""",,,,,,,,,19,250,100,3282,15,71,,,
"18.0   6   250.0      88.00      3139.      14.5   71  1	""ford mustang""",,,,,,,,,18,250,88,00,3139,14,71,,
"23.0   4   122.0      86.00      2220.      14.0   71  1	""mercury capri 2000""",,,,,,,,,23,122,86,00,2220,14,71,2000,
"28.0   4   116.0      90.00      2123.      14.0   71  2	""opel 1900""",,,,,,,,,28,116,90,00,2123,14,71,1900,
"30.0   4   79.00      70.00      2074.      19.5   71  2	""peugeot 304""",,,,,,,,,30,79,00,70,00,2074,19,71,304
"30.0   4   88.00      76.00      2065.      14.5   71  2	""fiat 124b""",,,,,,,,,30,88,00,76,00,2065,14,71,124
"31.0   4   71.00      65.00      1773.      19.0   71  3	""toyota corolla 1200""",,,,,,,,,31,71,00,65,00,1773,19,71,1200
"35.0   4   72.00      69.00      1613.      18.0   71  3	""datsun 1200""",,,,,,,,,35,72,00,69,00,1613,18,71,1200
"27.0   4   97.00      60.00      1834.      19.0   71  2	""volkswagen model 111""",,,,,,,,,27,97,00,60,00,1834,19,71,111
"26.0   4   91.00      70.00      1955.      20.5   71  1	""plymouth cricket""",,,,,,,,,26,91,00,70,00,1955,20,71,
"24.0   4   113.0      95.00      2278.      15.5   72  3	""toyota corona hardtop""",,,,,,,,,24,113,95,00,2278,15,72,,
"25.0   4   97.50      80.00      2126.      17.0   72  1	""dodge colt hardtop""",,,,,,,,,25,97,50,80,00,2126,17,72,
"23.0   4   97.00      54.00      2254.      23.5   72  2	""volkswagen type 3""",,,,,,,,,23,97,00,54,00,2254,23,72,
"20.0   4   140.0      90.00      2408.      19.5   72  1	""chevrolet vega""",,,,,,,,,20,140,90,00,2408,19,72,,
"21.0   4   122.0      86.00      2226.      16.5   72  1	""ford pinto runabout""",,,,,,,,,21,122,86,00,2226,16,72,,
"13.0   8   350.0      165.0      4274.      12.0   72  1	""chevrolet impala""",,,,,,,,,13,350,165,4274,12,72,,,
"14.0   8   400.0      175.0      4385.      12.0   72  1	""pontiac catalina""",,,,,,,,,14,400,175,4385,12,72,,,
"15.0   8   318.0      150.0      4135.      13.5   72  1	""plymouth fury iii""",,,,,,,,,15,318,150,4135,13,72,,,
"14.0   8   351.0      153.0      4129.      13.0   72  1	""ford galaxie 500""",,,,,,,,,14,351,153,4129,13,72,500,,
"17.0   8   304.0      150.0      3672.      11.5   72  1	""amc ambassador sst""",,,,,,,,,17,304,150,3672,11,72,,,
"11.0   8   429.0      208.0      4633.      11.0   72  1	""mercury marquis""",,,,,,,,,11,429,208,4633,11,72,,,
"13.0   8   350.0      155.0      4502.      13.5   72  1	""buick lesabre custom""",,,,,,,,,13,350,155,4502,13,72,,,
"12.0   8   350.0      160.0      4456.      13.5   72  1	""oldsmobile delta 88 royale""",,,,,,,,,12,350,160,4456,13,72,88,,
"13.0   8   400.0      190.0      4422.      12.5   72  1	""chrysler newport royal""",,,,,,,,,13,400,190,4422,12,72,,,
"19.0   3   70.00      97.00      2330.      13.5   72  3	""mazda rx2 coupe""",,,,,,,,,19,70,00,97,00,2330,13,72,
"15.0   8   304.0      150.0      3892.      12.5   72  1	""amc matador (sw)""",,,,,,,,,15,304,150,3892,12,72,,,
"13.0   8   307.0      130.0      4098.      14.0   72  1	""chevrolet chevelle concours (sw)""",,,,,,,,,13,307,130,4098,14,72,,,
"13.0   8   302.0      140.0      4294.      16.0   72  1	""ford gran torino (sw)""",,,,,,,,,13,302,140,4294,16,72,,,
"14.0   8   318.0      150.0      4077.      14.0   72  1	""plymouth satellite custom (sw)""",,,,,,,,,14,318,150,4077,14,72,,,
"18.0   4   121.0      112.0      2933.      14.5   72  2	""volvo 145e (sw)""",,,,,,,,,18,121,112,2933,14,72,145,,
"22.0   4   121.0      76.00      2511.      18.0   72  2	""volkswagen 411 (sw)""",,,,,,,,,22,121,76,00,2511,18,72,411,
"21.0   4   120.0      87.00      2979.      19.5   72  2	""peugeot 504 (sw)""",,,,,,,,,21,120,87,00,2979,19,72,504,
"26.0   4   96.00      69.00      2189.      18.0   72  2	""renault 12 (sw)""",,,,,,,,,26,96,00,69,00,2189,18,72,12
"22.0   4   122.0      86.00      2395.      16.0   72  1	""ford pinto (sw)""",,,,,,,,,22,122,86,00,2395,16,72,,
"28.0   4   97.00      92.00      2288.      17.0   72  3	""datsun 510 (sw)""",,,,,,,,,28,97,00,92,00,2288,17,72,510
"23.0   4   120.0      97.00      2506.      14.5   72  3	""toyouta corona mark ii (sw)""",,,,,,,,,23,120,97,00,2506,14,72,,
"28.0   4   98.00      80.00      2164.      15.0   72  1	""dodge colt (sw)""",,,,,,,,,28,98,00,80,00,2164,15,72,
"27.0   4   97.00      88.00      2100.      16.5   72  3	""toyota corolla 1600 (sw)""",,,,,,,,,27,97,00,88,00,2100,16,72,1600
"13.0   8   350.0      175.0      4100.      13.0   73  1	""buick century 350""",,,,,,,,,13,350,175,4100,13,73,350,,
"14.0   8   304.0      150.0      3672.      11.5   73  1	""amc matador""",,,,,,,,,14,304,150,3672,11,73,,,
"13.0   8   350.0      145.0      3988.      13.0   73  1	""chevrolet malibu""",,,,,,,,,13,350,145,3988,13,73,,,
"14.0   8   302.0      137.0      4042.      14.5   73  1	""ford gran torino""",,,,,,,,,14,302,137,4042,14,73,,,
"15.0   8   318.0      150.0      3777.      12.5   73  1	""dodge coronet custom""",,,,,,,,,15,318,150,3777,12,73,,,
"12.0   8   429.0      198.0      4952.      11.5   73  1	""mercury marquis brougham""",,,,,,,,,12,429,198,4952,11,73,,,
"13.0   8   400.0      150.0      4464.      12.0   73  1	""chevrolet caprice classic""",,,,,,,,,13,400,150,4464,12,73,,,
"13.0   8   351.0      158.0      4363.      13.0   73  1	""ford ltd""",,,,,,,,,13,351,158,4363,13,73,,,
"14.0   8   318.0      150.0      4237.      14.5   73  1	""plymouth fury gran sedan""",,,,,,,,,14,318,150,4237,14,73,,,
"13.0   8   440.0      215.0      4735.      11.0   73  1	""chrysler new yorker brougham""",,,,,,,,,13,440,215,4735,11,73,,,
"12.0   8   455.0      225.0      4951.      11.0   73  1	""buick electra 225 custom""",,,,,,,,,12,455,225,4951,11,73,225,,
"13.0   8   360.0      175.0      3821.      11.0   73  1	""amc ambassador brougham""",,,,,,,,,13,360,175,3821,11,73,,,
"18.0   6   225.0      105.0      3121.      16.5   73  1	""plymouth valiant""",,,,,,,,,18,225,105,3121,16,73,,,
"16.0   6   250.0      100.0      3278.      18.0   73  1	""chevrolet nova custom""",,,,,,,,,16,250,100,3278,18,73,,,
"18.0   6   232.0      100.0      2945.      16.0   73  1	""amc hornet""",,,,,,,,,18,232,100,2945,16,73,,,
"18.0   6   250.0      88.00      3021.      16.5   73  1	""ford maverick""",,,,,,,,,18,250,88,00,3021,16,73,,
"23.0   6   198.0      95.00      2904.      16.0   73  1	""plymouth duster""",,,,,,,,,23,198,95,00,2904,16,73,,
"26.0   4   97.00      46.00      1950.      21.0   73  2	""volkswagen super beetle""",,,,,,,,,26,97,00,46,00,1950,21,73,
"11.0   8   400.0      150.0      4997.      14.0   73  1	""chevrolet impala""",,,,,,,,,11,400,150,4997,14,73,,,
"12.0   8   400.0      167.0      4906.      12.5   73  1	""ford country""",,,,,,,,,12,400,167,4906,12,73,,,
"13.0   8   360.0      170.0      4654.      13.0   73  1	""plymouth custom suburb""",,,,,,,,,13,360,170,4654,13,73,,,
"12.0   8   350.0      180.0      4499.      12.5   73  1	""oldsmobile vista cruiser""",,,,,,,,,12,350,180,4499,12,73,,,
"18.0   6   232.0      100.0      2789.      15.0   73  1	""amc gremlin""",,,,,,,,,18,232,100,2789,15,73,,,
"20.0   4   97.00      88.00      2279.      19.0   73  3	""toyota carina""",,,,,,,,,20,97,00,88,00,2279,19,73,
"21.0   4   140.0      72.00      2401.      19.5   73  1	""chevrolet vega""",,,,,,,,,21,140,72,00,2401,19,73,,
"22.0   4   108.0      94.00      2379.      16.5   73  3	""datsun 610""",,,,,,,,,22,108,94,00,2379,16,73,610,
"18.0   3   70.00      90.00      2124.      13.5   73  3	""maxda rx3""",,,,,,,,,18,70,00,90,00,2124,13,73,
"19.0   4   122.0      85.00      2310.      18.5   73  1	""ford pinto""",,,,,,,,,19,122,85,00,2310,18,73,,
"21.0   6   155.0      107.0      2472.      14.0   73  1	""mercury capri v6""",,,,,,,,,21,155,107,2472,14,73,,,
"26.0   4   98.00      90.00      2265.      15.5   73  2	""fiat 124 sport coupe""",,,,,,,,,26,98,00,90,00,2265,15,73,124
"15.0   8   350.0      145.0      4082.      13.0   73  1	""chevrolet monte carlo s""",,,,,,,,,15,350,145,4082,13,73,,,
"16.0   8   400.0      230.0      4278.      9.50   73  1	""pontiac grand prix""",,,,,,,,,16,400,230,4278,50,73,,,
"29.0   4   68.00      49.00      1867.      19.5   73  2	""fiat 128""",,,,,,,,,29,68,00,49,00,1867,19,73,128
"24.0   4   116.0      75.00      2158.      15.5   73  2	""opel manta""",,,,,,,,,24,116,75,00,2158,15,73,,
"20.0   4   114.0      91.00      2582.      14.0   73  2	""audi 100ls""",,,,,,,,,20,114,91,00,2582,14,73,100,
"19.0   4   121.0      112.0      2868.      15.5   73  2	""volvo 144ea""",,,,,,,,,19,121,112,2868,15,73,144,,
"15.0   8   318.0      150.0      3399.      11.0   73  1	""dodge dart custom""",,,,,,,,,15,318,150,3399,11,73,,,
"24.0   4   121.0      110.0      2660.      14.0   73  2	""saab 99le""",,,,,,,,,24,121,110,2660,14,73,99,,
"20.0   6   156.0      122.0      2807.      13.5   73  3	""toyota mark ii""",,,,,,,,,20,156,122,2807,13,73,,,
"11.0   8   350.0      180.0      3664.      11.0   73  1	""oldsmobile omega""",,,,,,,,,11,350,180,3664,11,73,,,
"20.0   6   198.0      95.00      3102.      16.5   74  1	""plymouth duster""",,,,,,,,,20,198,95,00,3102,16,74,,
"21.0   6   200.0      ?          2875.      17.0   74  1	""ford maverick""",,,,,,,,,21,200,2875,17,74,,,,
"19.0   6   232.0      100.0      2901.      16.0   74  1	""amc hornet""",,,,,,,,,19,232,100,2901,16,74,,,
"15.0   6   250.0      100.0      3336.      17.0   74  1	""chevrolet nova""",,,,,,,,,15,250,100,3336,17,74,,,
"31.0   4   79.00      67.00      1950.      19.0   74  3	""datsun b210""",,,,,,,,,31,79,00,67,00,1950,19,74,210
"26.0   4   122.0      80.00      2451.      16.5   74  1	""ford pinto""",,,,,,,,,26,122,80,00,2451,16,74,,
"32.0   4   71.00      65.00      1836.      21.0   74  3	""toyota corolla 1200""",,,,,,,,,32,71,00,65,00,1836,21,74,1200
"25.0   4   140.0      75.00      2542.      17.0   74  1	""chevrolet vega""",,,,,,,,,25,140,75,00,2542,17,74,,
"16.0   6   250.0      100.0      3781.      17.0   74  1	""chevrolet chevelle malibu classic""",,,,,,,,,16,250,100,3781,17,74,,,
"16.0   6   258.0      110.0      3632.      18.0   74  1	""amc matador""",,,,,,,,,16,258,110,3632,18,74,,,
"18.0   6   225.0      105.0      3613.      16.5   74  1	""plymouth satellite sebring""",,,,,,,,,18,225,105,3613,16,74,,,
"16.0   8   302.0      140.0      4141.      14.0   74  1	""ford gran torino""",,,,,,,,,16,302,140,4141,14,74,,,
"13.0   8   350.0      150.0      4699.      14.5   74  1	""buick century luxus (sw)""",,,,,,,,,13,350,150,4699,14,74,,,
"14.0   8   318.0      150.0      4457.      13.5   74  1	""dodge coronet custom (sw)""",,,,,,,,,14,318,150,4457,13,74,,,
"14.0   8   302.0      140.0      4638.      16.0   74  1	""ford gran torino (sw)""",,,,,,,,,14,302,140,4638,16,74,,,
"14.0   8   304.0      150.0      4257.      15.5   74  1	""amc matador (sw)""",,,,,,,,,14,304,150,4257,15,74,,,
"29.0   4   98.00      83.00      2219.      16.5   74  2	""audi fox""",,,,,,,,,29,98,00,83,00,2219,16,74,
"26.0   4   79.00      67.00      1963.      15.5   74  2	""volkswagen dasher""",,,,,,,,,26,79,00,67,00,1963,15,74,
"26.0   4   97.00      78.00      2300.      14.5   74  2	""opel manta""",,,,,,,,,26,97,00,78,00,2300,14,74,
"31.0   4   76.00      52.00      1649.      16.5   74  3	""toyota corona""",,,,,,,,,31,76,00,52,00,1649,16,74,
"32.0   4   83.00      61.00      2003.      19.0   74  3	""datsun 710""",,,,,,,,,32,83,00,61,00,2003,19,74,710
"28.0   4   90.00      75.00      2125.      14.5   74  1	""dodge colt""",,,,,,,,,28,90,00,75,00,2125,14,74,
"24.0   4   90.00      75.00      2108.      15.5   74  2	""fiat 128""",,,,,,,,,24,90,00,75,00,2108,15,74,128
"26.0   4   116.0      75.00      2246.      14.0   74  2	""fiat 124 tc""",,,,,,,,,26,116,75,00,2246,14,74,124,
"24.0   4   120.0      97.00      2489.      15.0   74  3	""honda civic""",,,,,,,,,24,120,97,00,2489,15,74,,
"26.0   4   108.0      93.00      2391.      15.5   74  3	""subaru""",,,,,,,,,26,108,93,00,2391,15,74,,
"31.0   4   79.00      67.00      2000.      16.0   74  2	""fiat x1.9""",,,,,,,,,31,79,00,67,00,2000,16,74,
"19.0   6   225.0      95.00      3264.      16.0   75  1	""plymouth valiant custom""",,,,,,,,,19,225,95,00,3264,16,75,,
"18.0   6   250.0      105.0      3459.      16.0   75  1	""chevrolet nova""",,,,,,,,,18,250,105,3459,16,75,,,
"15.0   6   250.0      72.00      3432.      21.0   75  1	""mercury monarch""",,,,,,,,,15,250,72,00,3432,21,75,,
"15.0   6   250.0      72.00      3158.      19.5   75  1	""ford maverick""",,,,,,,,,15,250,72,00,3158,19,75,,
"16.0   8   400.0      170.0      4668.      11.5   75  1	""pontiac catalina""",,,,,,,,,16,400,170,4668,11,75,,,
"15.0   8   350.0      145.0      4440.      14.0   75  1	""chevrolet bel air""",,,,,,,,,15,350,145,4440,14,75,,,
"16.0   8   318.0      150.0      4498.      14.5   75  1	""plymouth grand fury""",,,,,,,,,16,318,150,4498,14,75,,,
"14.0   8   351.0      148.0      4657.      13.5   75  1	""ford ltd""",,,,,,,,,14,351,148,4657,13,75,,,
"17.0   6   231.0      110.0      3907.      21.0   75  1	""buick century""",,,,,,,,,17,231,110,3907,21,75,,,
"16.0   6   250.0      105.0      3897.      18.5   75  1	""chevroelt chevelle malibu""",,,,,,,,,16,250,105,3897,18,75,,,
"15.0   6   258.0      110.0      3730.      19.0   75  1	""amc matador""",,,,,,,,,15,258,110,3730,19,75,,,
"18.0   6   225.0      95.00      3785.      19.0   75  1	""plymouth fury""",,,,,,,,,18,225,95,00,3785,19,75,,
"21.0   6   231.0      110.0      3039.      15.0   75  1	""buick skyhawk""",,,,,,,,,21,231,110,3039,15,75,,,
"20.0   8   262.0      110.0      3221.      13.5   75  1	""chevrolet monza 2+2""",,,,,,,,,20,262,110,3221,13,75,,,
"13.0   8   302.0      129.0      3169.      12.0   75  1	""ford mustang ii""",,,,,,,,,13,302,129,3169,12,75,,,
"29.0   4   97.00      75.00      2171.      16.0   75  3	""toyota corolla""",,,,,,,,,29,97,00,75,00,2171,16,75,
"23.0   4   140.0      83.00      2639.      17.0   75  1	""ford pinto""",,,,,,,,,23,140,83,00,2639,17,75,,
"20.0   6   232.0      100.0      2914.      16.0   75  1	""amc gremlin""",,,,,,,,,20,232,100,2914,16,75,,,
"23.0   4   140.0      78.00      2592.      18.5   75  1	""pontiac astro""",,,,,,,,,23,140,78,00,2592,18,75,,
"24.0   4   134.0      96.00      2702.      13.5   75  3	""toyota corona""",,,,,,,,,24,134,96,00,2702,13,75,,
"25.0   4   90.00      71.00      2223.      16.5   75  2	""volkswagen dasher""",,,,,,,,,25,90,00,71,00,2223,16,75,
"24.0   4   119.0      97.00      2545.      17.0   75  3	""datsun 710""",,,,,,,,,24,119,97,00,2545,17,75,710,
"18.0   6   171.0      97.00      2984.      14.5   75  1	""ford pinto""",,,,,,,,,18,171,97,00,2984,14,75,,
"29.0   4   90.00      70.00      1937.      14.0   75  2	""volkswagen rabbit""",,,,,,,,,29,90,00,70,00,1937,14,75,
"19.0   6   232.0      90.00      3211.      17.0   75  1	""amc pacer""",,,,,,,,,19,232,90,00,3211,17,75,,
"23.0   4   115.0      95.00      2694.      15.0   75  2	""audi 100ls""",,,,,,,,,23,115,95,00,2694,15,75,100,
"23.0   4   120.0      88.00      2957.      17.0   75  2	""peugeot 504""",,,,,,,,,23,120,88,00,2957,17,75,504,
"22.0   4   121.0      98.00      2945.      14.5   75  2	""volvo 244dl""",,,,,,,,,22,121,98,00,2945,14,75,244,
"25.0   4   121.0      115.0      2671.      13.5   75  2	""saab 99le""",,,,,,,,,25,121,115,2671,13,75,99,,
"33.0   4   91.00      53.00      1795.      17.5   75  3	""honda civic cvcc""",,,,,,,,,33,91,00,53,00,1795,17,75,
"28.0   4   107.0      86.00      2464.      15.5   76  2	""fiat 131""",,,,,,,,,28,107,86,00,2464,15,76,131,
"25.0   4   116.0      81.00      2220.      16.9   76  2	""opel 1900""",,,,,,,,,25,116,81,00,2220,16,76,1900,
"25.0   4   140.0      92.00      2572.      14.9   76  1	""capri ii""",,,,,,,,,25,140,92,00,2572,14,76,,
"26.0   4   98.00      79.00      2255.      17.7   76  1	""dodge colt""",,,,,,,,,26,98,00,79,00,2255,17,76,
"27.0   4   101.0      83.00      2202.      15.3   76  2	""renault 12tl""",,,,,,,,,27,101,83,00,2202,15,76,12,
"17.5   8   305.0      140.0      4215.      13.0   76  1	""chevrolet chevelle malibu classic""",,,,,,,,,17,305,140,4215,13,76,,,
"16.0   8   318.0      150.0      4190.      13.0   76  1	""dodge coronet brougham""",,,,,,,,,16,318,150,4190,13,76,,,
"15.5   8   304.0      120.0      3962.      13.9   76  1	""amc matador""",,,,,,,,,15,304,120,3962,13,76,,,
"14.5   8   351.0      152.0      4215.      12.8   76  1	""ford gran torino""",,,,,,,,,14,351,152,4215,12,76,,,
"22.0   6   225.0      100.0      3233.      15.4   76  1	""plymouth valiant""",,,,,,,,,22,225,100,3233,15,76,,,
"22.0   6   250.0      105.0      3353.      14.5   76  1	""chevrolet nova""",,,,,,,,,22,250,105,3353,14,76,,,
"24.0   6   200.0      81.00      3012.      17.6   76  1	""ford maverick""",,,,,,,,,24,200,81,00,3012,17,76,,
"22.5   6   232.0      90.00      3085.      17.6   76  1	""amc hornet""",,,,,,,,,22,232,90,00,3085,17,76,,
"29.0   4   85.00      52.00      2035.      22.2   76  1	""chevrolet chevette""",,,,,,,,,29,85,00,52,00,2035,22,76,
"24.5   4   98.00      60.00      2164.      22.1   76  1	""chevrolet woody""",,,,,,,,,24,98,00,60,00,2164,22,76,
"29.0   4   90.00      70.00      1937.      14.2   76  2	""vw rabbit""",,,,,,,,,29,90,00,70,00,1937,14,76,
"33.0   4   91.00      53.00      1795.      17.4   76  3	""honda civic""",,,,,,,,,33,91,00,53,00,1795,17,76,
"20.0   6   225.0      100.0      3651.      17.7   76  1	""dodge aspen se""",,,,,,,,,20,225,100,3651,17,76,,,
"18.0   6   250.0      78.00      3574.      21.0   76  1	""ford granada ghia""",,,,,,,,,18,250,78,00,3574,21,76,,
"18.5   6   250.0      110.0      3645.      16.2   76  1	""pontiac ventura sj""",,,,,,,,,18,250,110,3645,16,76,,,
"17.5   6   258.0      95.00      3193.      17.8   76  1	""amc pacer d/l""",,,,,,,,,17,258,95,00,3193,17,76,,
"29.5   4   97.00      71.00      1825.      12.2   76  2	""volkswagen rabbit""",,,,,,,,,29,97,00,71,00,1825,12,76,
"32.0   4   85.00      70.00      1990.      17.0   76  3	""datsun b-210""",,,,,,,,,32,85,00,70,00,1990,17,76,210
"28.0   4   97.00      75.00      2155.      16.4   76  3	""toyota corolla""",,,,,,,,,28,97,00,75,00,2155,16,76,
"26.5   4   140.0      72.00      2565.      13.6   76  1	""ford pinto""",,,,,,,,,26,140,72,00,2565,13,76,,
"20.0   4   130.0      102.0      3150.      15.7   76  2	""volvo 245""",,,,,,,,,20,130,102,3150,15,76,245,,
"13.0   8   318.0      150.0      3940.      13.2   76  1	""plymouth volare premier v8""",,,,,,,,,13,318,150,3940,13,76,,,
"19.0   4   120.0      88.00      3270.      21.9   76  2	""peugeot 504""",,,,,,,,,19,120,88,00,3270,21,76,504,
"19.0   6   156.0      108.0      2930.      15.5   76  3	""toyota mark ii""",,,,,,,,,19,156,108,2930,15,76,,,
"16.5   6   168.0      120.0      3820.      16.7   76  2	""mercedes-benz 280s""",,,,,,,,,16,168,120,3820,16,76,280,,
"16.5   8   350.0      180.0      4380.      12.1   76  1	""cadillac seville""",,,,,,,,,16,350,180,4380,12,76,,,
"13.0   8   350.0      145.0      4055.      12.0   76  1	""chevy c10""",,,,,,,,,13,350,145,4055,12,76,10,,
"13.0   8   302.0      130.0      3870.      15.0   76  1	""ford f108""",,,,,,,,,13,302,130,3870,15,76,108,,
"13.0   8   318.0      150.0      3755.      14.0   76  1	""dodge d100""",,,,,,,,,13,318,150,3755,14,76,100,,
"31.5   4   98.00      68.00      2045.      18.5   77  3	""honda accord cvcc""",,,,,,,,,31,98,00,68,00,2045,18,77,
"30.0   4   111.0      80.00      2155.      14.8   77  1	""buick opel isuzu deluxe""",,,,,,,,,30,111,80,00,2155,14,77,,
"36.0   4   79.00      58.00      1825.      18.6   77  2	""renault 5 gtl""",,,,,,,,,36,79,00,58,00,1825,18,77,
"25.5   4   122.0      96.00      2300.      15.5   77  1	""plymouth arrow gs""",,,,,,,,,25,122,96,00,2300,15,77,,
"33.5   4   85.00      70.00      1945.      16.8   77  3	""datsun f-10 hatchback""",,,,,,,,,33,85,00,70,00,1945,16,77,10
"17.5   8   305.0      145.0      3880.      12.5   77  1	""chevrolet caprice classic""",,,,,,,,,17,305,145,3880,12,77,,,
"17.0   8   260.0      110.0      4060.      19.0   77  1	""oldsmobile cutlass supreme""",,,,,,,,,17,260,110,4060,19,77,,,
"15.5   8   318.0      145.0      4140.      13.7   77  1	""dodge monaco brougham""",,,,,,,,,15,318,145,4140,13,77,,,
"15.0   8   302.0      130.0      4295.      14.9   77  1	""mercury cougar brougham""",,,,,,,,,15,302,130,4295,14,77,,,
"17.5   6   250.0      110.0      3520.      16.4   77  1	""chevrolet concours""",,,,,,,,,17,250,110,3520,16,77,,,
"20.5   6   231.0      105.0      3425.      16.9   77  1	""buick skylark""",,,,,,,,,20,231,105,3425,16,77,,,
"19.0   6   225.0      100.0      3630.      17.7   77  1	""plymouth volare custom""",,,,,,,,,19,225,100,3630,17,77,,,
"18.5   6   250.0      98.00      3525.      19.0   77  1	""ford granada""",,,,,,,,,18,250,98,00,3525,19,77,,
"16.0   8   400.0      180.0      4220.      11.1   77  1	""pontiac grand prix lj""",,,,,,,,,16,400,180,4220,11,77,,,
"15.5   8   350.0      170.0      4165.      11.4   77  1	""chevrolet monte carlo landau""",,,,,,,,,15,350,170,4165,11,77,,,
"15.5   8   400.0      190.0      4325.      12.2   77  1	""chrysler cordoba""",,,,,,,,,15,400,190,4325,12,77,,,
"16.0   8   351.0      149.0      4335.      14.5   77  1	""ford thunderbird""",,,,,,,,,16,351,149,4335,14,77,,,
"29.0   4   97.00      78.00      1940.      14.5   77  2	""volkswagen rabbit custom""",,,,,,,,,29,97,00,78,00,1940,14,77,
"24.5   4   151.0      88.00      2740.      16.0   77  1	""pontiac sunbird coupe""",,,,,,,,,24,151,88,00,2740,16,77,,
"26.0   4   97.00      75.00      2265.      18.2   77  3	""toyota corolla liftback""",,,,,,,,,26,97,00,75,00,2265,18,77,
"25.5   4   140.0      89.00      2755.      15.8   77  1	""ford mustang ii 2+2""",,,,,,,,,25,140,89,00,2755,15,77,,
"30.5   4   98.00      63.00      2051.      17.0   77  1	""chevrolet chevette""",,,,,,,,,30,98,00,63,00,2051,17,77,
"33.5   4   98.00      83.00      2075.      15.9   77  1	""dodge colt m/m""",,,,,,,,,33,98,00,83,00,2075,15,77,
"30.0   4   97.00      67.00      1985.      16.4   77  3	""subaru dl""",,,,,,,,,30,97,00,67,00,1985,16,77,
"30.5   4   97.00      78.00      2190.      14.1   77  2	""volkswagen dasher""",,,,,,,,,30,97,00,78,00,2190,14,77,
"22.0   6   146.0      97.00      2815.      14.5   77  3	""datsun 810""",,,,,,,,,22,146,97,00,2815,14,77,810,
"21.5   4   121.0      110.0      2600.      12.8   77  2	""bmw 320i""",,,,,,,,,21,121,110,2600,12,77,320,,
"21.5   3   80.00      110.0      2720.      13.5   77  3	""mazda rx-4""",,,,,,,,,21,80,00,110,2720,13,77,,
"43.1   4   90.00      48.00      1985.      21.5   78  2	""volkswagen rabbit custom diesel""",,,,,,,,,43,90,00,48,00,1985,21,78,
"36.1   4   98.00      66.00      1800.      14.4   78  1	""ford fiesta""",,,,,,,,,36,98,00,66,00,1800,14,78,
"32.8   4   78.00      52.00      1985.      19.4   78  3	""mazda glc deluxe""",,,,,,,,,32,78,00,52,00,1985,19,78,
"39.4   4   85.00      70.00      2070.      18.6   78  3	""datsun b210 gx""",,,,,,,,,39,85,00,70,00,2070,18,78,210
"36.1   4   91.00      60.00      1800.      16.4   78  3	""honda civic cvcc""",,,,,,,,,36,91,00,60,00,1800,16,78,
"19.9   8   260.0      110.0      3365.      15.5   78  1	""oldsmobile cutlass salon brougham""",,,,,,,,,19,260,110,3365,15,78,,,
"19.4   8   318.0      140.0      3735.      13.2   78  1	""dodge diplomat""",,,,,,,,,19,318,140,3735,13,78,,,
"20.2   8   302.0      139.0      3570.      12.8   78  1	""mercury monarch ghia""",,,,,,,,,20,302,139,3570,12,78,,,
"19.2   6   231.0      105.0      3535.      19.2   78  1	""pontiac phoenix lj""",,,,,,,,,19,231,105,3535,19,78,,,
"20.5   6   200.0      95.00      3155.      18.2   78  1	""chevrolet malibu""",,,,,,,,,20,200,95,00,3155,18,78,,
"20.2   6   200.0      85.00      2965.      15.8   78  1	""ford fairmont (auto)""",,,,,,,,,20,200,85,00,2965,15,78,,
"25.1   4   140.0      88.00      2720.      15.4   78  1	""ford fairmont (man)""",,,,,,,,,25,140,88,00,2720,15,78,,
"20.5   6   225.0      100.0      3430.      17.2   78  1	""plymouth volare""",,,,,,,,,20,225,100,3430,17,78,,,
"19.4   6   232.0      90.00      3210.      17.2   78  1	""amc concord""",,,,,,,,,19,232,90,00,3210,17,78,,
"20.6   6   231.0      105.0      3380.      15.8   78  1	""buick century special""",,,,,,,,,20,231,105,3380,15,78,,,
"20.8   6   200.0      85.00      3070.      16.7   78  1	""mercury zephyr""",,,,,,,,,20,200,85,00,3070,16,78,,
"18.6   6   225.0      110.0      3620.      18.7   78  1	""dodge aspen""",,,,,,,,,18,225,110,3620,18,78,,,
"18.1   6   258.0      120.0      3410.      15.1   78  1	""amc concord d/l""",,,,,,,,,18,258,120,3410,15,78,,,
"19.2   8   305.0      145.0      3425.      13.2   78  1	""chevrolet monte carlo landau""",,,,,,,,,19,305,145,3425,13,78,,,
"17.7   6   231.0      165.0      3445.      13.4   78  1	""buick regal sport coupe (turbo)""",,,,,,,,,17,231,165,3445,13,78,,,
"18.1   8   302.0      139.0      3205.      11.2   78  1	""ford futura""",,,,,,,,,18,302,139,3205,11,78,,,
"17.5   8   318.0      140.0      4080.      13.7   78  1	""dodge magnum xe""",,,,,,,,,17,318,140,4080,13,78,,,
"30.0   4   98.00      68.00      2155.      16.5   78  1	""chevrolet chevette""",,,,,,,,,30,98,00,68,00,2155,16,78,
"27.5   4   134.0      95.00      2560.      14.2   78  3	""toyota corona""",,,,,,,,,27,134,95,00,2560,14,78,,
"27.2   4   119.0      97.00      2300.      14.7   78  3	""datsun 510""",,,,,,,,,27,119,97,00,2300,14,78,510,
"30.9   4   105.0      75.00      2230.      14.5   78  1	""dodge omni""",,,,,,,,,30,105,75,00,2230,14,78,,
"21.1   4   134.0      95.00      2515.      14.8   78  3	""toyota celica gt liftback""",,,,,,,,,21,134,95,00,2515,14,78,,
"23.2   4   156.0      105.0      2745.      16.7   78  1	""plymouth sapporo""",,,,,,,,,23,156,105,2745,16,78,,,
"23.8   4   151.0      85.00      2855.      17.6   78  1	""oldsmobile starfire sx""",,,,,,,,,23,151,85,00,2855,17,78,,
"23.9   4   119.0      97.00      2405.      14.9   78  3	""datsun 200-sx""",,,,,,,,,23,119,97,00,2405,14,78,200,
"20.3   5   131.0      103.0      2830.      15.9   78  2	""audi 5000""",,,,,,,,,20,131,103,2830,15,78,5000,,
"17.0   6   163.0      125.0      3140.      13.6   78  2	""volvo 264gl""",,,,,,,,,17,163,125,3140,13,78,264,,
"21.6   4   121.0      115.0      2795.      15.7   78  2	""saab 99gle""",,,,,,,,,21,121,115,2795,15,78,99,,
"16.2   6   163.0      133.0      3410.      15.8   78  2	""peugeot 604sl""",,,,,,,,,16,163,133,3410,15,78,604,,
"31.5   4   89.00      71.00      1990.      14.9   78  2	""volkswagen scirocco""",,,,,,,,,31,89,00,71,00,1990,14,78,
"29.5   4   98.00      68.00      2135.      16.6   78  3	""honda accord lx""",,,,,,,,,29,98,00,68,00,2135,16,78,
"21.5   6   231.0      115.0      3245.      15.4   79  1	""pontiac lemans v6""",,,,,,,,,21,231,115,3245,15,79,,,
"19.8   6   200.0      85.00      2990.      18.2   79  1	""mercury zephyr 6""",,,,,,,,,19,200,85,00,2990,18,79,,
"22.3   4   140.0      88.00      2890.      17.3   79  1	""ford fairmont 4""",,,,,,,,,22,140,88,00,2890,17,79,,
"20.2   6   232.0      90.00      3265.      18.2   79  1	""amc concord dl 6""",,,,,,,,,20,232,90,00,3265,18,79,,
"20.6   6   225.0      110.0      3360.      16.6   79  1	""dodge aspen 6""",,,,,,,,,20,225,110,3360,16,79,,,
"17.0   8   305.0      130.0      3840.      15.4   79  1	""chevrolet caprice classic""",,,,,,,,,17,305,130,3840,15,79,,,
"17.6   8   302.0      129.0      3725.      13.4   79  1	""ford ltd landau""",,,,,,,,,17,302,129,3725,13,79,,,
"16.5   8   351.0      138.0      3955.      13.2   79  1	""mercury grand marquis""",,,,,,,,,16,351,138,3955,13,79,,,
"18.2   8   318.0      135.0      3830.      15.2   79  1	""dodge st. regis""",,,,,,,,,18,318,135,3830,15,79,,,
"16.9   8   350.0      155.0      4360.      14.9   79  1	""buick estate wagon (sw)""",,,,,,,,,16,350,155,4360,14,79,,,
"15.5   8   351.0      142.0      4054.      14.3   79  1	""ford country squire (sw)""",,,,,,,,,15,351,142,4054,14,79,,,
"19.2   8   267.0      125.0      3605.      15.0   79  1	""chevrolet malibu classic (sw)""",,,,,,,,,19,267,125,3605,15,79,,,
"18.5   8   360.0      150.0      3940.      13.0   79  1	""chrysler lebaron town @ country (sw)""",,,,,,,,,18,360,150,3940,13,79,,,
"31.9   4   89.00      71.00      1925.      14.0   79  2	""vw rabbit custom""",,,,,,,,,31,89,00,71,00,1925,14,79,
"34.1   4   86.00      65.00      1975.      15.2   79  3	""maxda glc deluxe""",,,,,,,,,34,86,00,65,00,1975,15,79,
"35.7   4   98.00      80.00      1915.      14.4   79  1	""dodge colt hatchback custom""",,,,,,,,,35,98,00,80,00,1915,14,79,
"27.4   4   121.0      80.00      2670.      15.0   79  1	""amc spirit dl""",,,,,,,,,27,121,80,00,2670,15,79,,
"25.4   5   183.0      77.00      3530.      20.1   79  2	""mercedes benz 300d""",,,,,,,,,25,183,77,00,3530,20,79,300,
"23.0   8   350.0      125.0      3900.      17.4   79  1	""cadillac eldorado""",,,,,,,,,23,350,125,3900,17,79,,,
"27.2   4   141.0      71.00      3190.      24.8   79  2	""peugeot 504""",,,,,,,,,27,141,71,00,3190,24,79,504,
"23.9   8   260.0      90.00      3420.      22.2   79  1	""oldsmobile cutlass salon brougham""",,,,,,,,,23,260,90,00,3420,22,79,,
"34.2   4   105.0      70.00      2200.      13.2   79  1	""plymouth horizon""",,,,,,,,,34,105,70,00,2200,13,79,,
"34.5   4   105.0      70.00      2150.      14.9   79  1	""plymouth horizon tc3""",,,,,,,,,34,105,70,00,2150,14,79,,
"31.8   4   85.00      65.00      2020.      19.2   79  3	""datsun 210""",,,,,,,,,31,85,00,65,00,2020,19,79,210
"37.3   4   91.00      69.00      2130.      14.7   79  2	""fiat strada custom""",,,,,,,,,37,91,00,69,00,2130,14,79,
"28.4   4   151.0      90.00      2670.      16.0   79  1	""buick skylark limited""",,,,,,,,,28,151,90,00,2670,16,79,,
"28.8   6   173.0      115.0      2595.      11.3   79  1	""chevrolet citation""",,,,,,,,,28,173,115,2595,11,79,,,
"26.8   6   173.0      115.0      2700.      12.9   79  1	""oldsmobile omega brougham""",,,,,,,,,26,173,115,2700,12,79,,,
"33.5   4   151.0      90.00      2556.      13.2   79  1	""pontiac phoenix""",,,,,,,,,33,151,90,00,2556,13,79,,
"41.5   4   98.00      76.00      2144.      14.7   80  2	""vw rabbit""",,,,,,,,,41,98,00,76,00,2144,14,80,
"38.1   4   89.00      60.00      1968.      18.8   80  3	""toyota corolla tercel""",,,,,,,,,38,89,00,60,00,1968,18,80,
"32.1   4   98.00      70.00      2120.      15.5   80  1	""chevrolet chevette""",,,,,,,,,32,98,00,70,00,2120,15,80,
"37.2   4   86.00      65.00      2019.      16.4   80  3	""datsun 310""",,,,,,,,,37,86,00,65,00,2019,16,80,310
"28.0   4   151.0      90.00      2678.      16.5   80  1	""chevrolet citation""",,,,,,,,,28,151,90,00,2678,16,80,,
"26.4   4   140.0      88.00      2870.      18.1   80  1	""ford fairmont""",,,,,,,,,26,140,88,00,2870,18,80,,
"24.3   4   151.0      90.00      3003.      20.1   80  1	""amc concord""",,,,,,,,,24,151,90,00,3003,20,80,,
"19.1   6   225.0      90.00      3381.      18.7   80  1	""dodge aspen""",,,,,,,,,19,225,90,00,3381,18,80,,
"34.3   4   97.00      78.00      2188.      15.8   80  2	""audi 4000""",,,,,,,,,34,97,00,78,00,2188,15,80,4000
"29.8   4   134.0      90.00      2711.      15.5   80  3	""toyota corona liftback""",,,,,,,,,29,134,90,00,2711,15,80,,
"31.3   4   120.0      75.00      2542.      17.5   80  3	""mazda 626""",,,,,,,,,31,120,75,00,2542,17,80,626,
"37.0   4   119.0      92.00      2434.      15.0   80  3	""datsun 510 hatchback""",,,,,,,,,37,119,92,00,2434,15,80,510,
"32.2   4   108.0      75.00      2265.      15.2   80  3	""toyota corolla""",,,,,,,,,32,108,75,00,2265,15,80,,
"46.6   4   86.00      65.00      2110.      17.9   80  3	""mazda glc""",,,,,,,,,46,86,00,65,00,2110,17,80,
"27.9   4   156.0      105.0      2800.      14.4   80  1	""dodge colt""",,,,,,,,,27,156,105,2800,14,80,,,
"40.8   4   85.00      65.00      2110.      19.2   80  3	""datsun 210""",,,,,,,,,40,85,00,65,00,2110,19,80,210
"44.3   4   90.00      48.00      2085.      21.7   80  2	""vw rabbit c (diesel)""",,,,,,,,,44,90,00,48,00,2085,21,80,
"43.4   4   90.00      48.00      2335.      23.7   80  2	""vw dasher (diesel)""",,,,,,,,,43,90,00,48,00,2335,23,80,
"36.4   5   121.0      67.00      2950.      19.9   80  2	""audi 5000s (diesel)""",,,,,,,,,36,121,67,00,2950,19,80,5000,
"30.0   4   146.0      67.00      3250.      21.8   80  2	""mercedes-benz 240d""",,,,,,,,,30,146,67,00,3250,21,80,240,
"44.6   4   91.00      67.00      1850.      13.8   80  3	""honda civic 1500 gl""",,,,,,,,,44,91,00,67,00,1850,13,80,1500
"40.9   4   85.00      ?          1835.      17.3   80  2	""renault lecar deluxe""",,,,,,,,,40,85,00,1835,17,80,,,
"33.8   4   97.00      67.00      2145.      18.0   80  3	""subaru dl""",,,,,,,,,33,97,00,67,00,2145,18,80,
"29.8   4   89.00      62.00      1845.      15.3   80  2	""vokswagen rabbit""",,,,,,,,,29,89,00,62,00,1845,15,80,
"32.7   6   168.0      132.0      2910.      11.4   80  3	""datsun 280-zx""",,,,,,,,,32,168,132,2910,11,80,280,,
"23.7   3   70.00      100.0      2420.      12.5   80  3	""mazda rx-7 gs""",,,,,,,,,23,70,00,100,2420,12,80,,
"35.0   4   122.0      88.00      2500.      15.1   80  2	""triumph tr7 coupe""",,,,,,,,,35,122,88,00,2500,15,80,,
"23.6   4   140.0      ?          2905.      14.3   80  1	""ford mustang cobra""",,,,,,,,,23,140,2905,14,80,,,,
"32.4   4   107.0      72.00      2290.      17.0   80  3	""honda accord""",,,,,,,,,32,107,72,00,2290,17,80,,
"27.2   4   135.0      84.00      2490.      15.7   81  1	""plymouth reliant""",,,,,,,,,27,135,84,00,2490,15,81,,
"26.6   4   151.0      84.00      2635.      16.4   81  1	""buick skylark""",,,,,,,,,26,151,84,00,2635,16,81,,
"25.8   4   156.0      92.00      2620.      14.4   81  1	""dodge aries wagon (sw)""",,,,,,,,,25,156,92,00,2620,14,81,,
"23.5   6   173.0      110.0      2725.      12.6   81  1	""chevrolet citation""",,,,,,,,,23,173,110,2725,12,81,,,
"30.0   4   135.0      84.00      2385.      12.9   81  1	""plymouth reliant""",,,,,,,,,30,135,84,00,2385,12,81,,
"39.1   4   79.00      58.00      1755.      16.9   81  3	""toyota starlet""",,,,,,,,,39,79,00,58,00,1755,16,81,
"39.0   4   86.00      64.00      1875.      16.4   81  1	""plymouth champ""",,,,,,,,,39,86,00,64,00,1875,16,81,
"35.1   4   81.00      60.00      1760.      16.1   81  3	""honda civic 1300""",,,,,,,,,35,81,00,60,00,1760,16,81,1300
"32.3   4   97.00      67.00      2065.      17.8   81  3	""subaru""",,,,,,,,,32,97,00,67,00,2065,17,81,
"37.0   4   85.00      65.00      1975.      19.4   81  3	""datsun 210 mpg""",,,,,,,,,37,85,00,65,00,1975,19,81,210
"37.7   4   89.00      62.00      2050.      17.3   81  3	""toyota tercel""",,,,,,,,,37,89,00,62,00,2050,17,81,
"34.1   4   91.00      68.00      1985.      16.0   81  3	""mazda glc 4""",,,,,,,,,34,91,00,68,00,1985,16,81,
"34.7   4   105.0      63.00      2215.      14.9   81  1	""plymouth horizon 4""",,,,,,,,,34,105,63,00,2215,14,81,,
"34.4   4   98.00      65.00      2045.      16.2   81  1	""ford escort 4w""",,,,,,,,,34,98,00,65,00,2045,16,81,
"29.9   4   98.00      65.00      2380.      20.7   81  1	""ford escort 2h""",,,,,,,,,29,98,00,65,00,2380,20,81,
"33.0   4   105.0      74.00      2190.      14.2   81  2	""volkswagen jetta""",,,,,,,,,33,105,74,00,2190,14,81,,
"34.5   4   100.0      ?          2320.      15.8   81  2	""renault 18i""",,,,,,,,,34,100,2320,15,81,18,,,
"33.7   4   107.0      75.00      2210.      14.4   81  3	""honda prelude""",,,,,,,,,33,107,75,00,2210,14,81,,
"32.4   4   108.0      75.00      2350.      16.8   81  3	""toyota corolla""",,,,,,,,,32,108,75,00,2350,16,81,,
"32.9   4   119.0      100.0      2615.      14.8   81  3	""datsun 200sx""",,,,,,,,,32,119,100,2615,14,81,200,,
"31.6   4   120.0      74.00      2635.      18.3   81  3	""mazda 626""",,,,,,,,,31,120,74,00,2635,18,81,626,
"28.1   4   141.0      80.00      3230.      20.4   81  2	""peugeot 505s turbo diesel""",,,,,,,,,28,141,80,00,3230,20,81,505,
"30.7   6   145.0      76.00      3160.      19.6   81  2	""volvo diesel""",,,,,,,,,30,145,76,00,3160,19,81,,
"25.4   6   168.0      116.0      2900.      12.6   81  3	""toyota cressida""",,,,,,,,,25,168,116,2900,12,81,,,
"24.2   6   146.0      120.0      2930.      13.8   81  3	""datsun 810 maxima""",,,,,,,,,24,146,120,2930,13,81,810,,
"22.4   6   231.0      110.0      3415.      15.8   81  1	""buick century""",,,,,,,,,22,231,110,3415,15,81,,,
"26.6   8   350.0      105.0      3725.      19.0   81  1	""oldsmobile cutlass ls""",,,,,,,,,26,350,105,3725,19,81,,,
"20.2   6   200.0      88.00      3060.      17.1   81  1	""ford granada gl""",,,,,,,,,20,200,88,00,3060,17,81,,
"17.6   6   225.0      85.00      3465.      16.6   81  1	""chrysler lebaron salon""",,,,,,,,,17,225,85,00,3465,16,81,,
"28.0   4   112.0      88.00      2605.      19.6   82  1	""chevrolet cavalier""",,,,,,,,,28,112,88,00,2605,19,82,,
"27.0   4   112.0      88.00      2640.      18.6   82  1	""chevrolet cavalier wagon""",,,,,,,,,27,112,88,00,2640,18,82,,
"34.0   4   112.0      88.00      2395.      18.0   82  1	""chevrolet cavalier 2-door""",,,,,,,,,34,112,88,00,2395,18,82,,
"31.0   4   112.0      85.00      2575.      16.2   82  1	""pontiac j2000 se hatchback""",,,,,,,,,31,112,85,00,2575,16,82,2000,
"29.0   4   135.0      84.00      2525.      16.0   82  1	""dodge aries se""",,,,,,,,,29,135,84,00,2525,16,82,,
"27.0   4   151.0      90.00      2735.      18.0   82  1	""pontiac phoenix""",,,,,,,,,27,151,90,00,2735,18,82,,
"24.0   4   140.0      92.00      2865.      16.4   82  1	""ford fairmont futura""",,,,,,,,,24,140,92,00,2865,16,82,,
"23.0   4   151.0      ?          3035.      20.5   82  1	""amc concord dl""",,,,,,,,,23,151,3035,20,82,,,,
"36.0   4   105.0      74.00      1980.      15.3   82  2	""volkswagen rabbit l""",,,,,,,,,36,105,74,00,1980,15,82,,
"37.0   4   91.00      68.00      2025.      18.2   82  3	""mazda glc custom l""",,,,,,,,,37,91,00,68,00,2025,18,82,
"31.0   4   91.00      68.00      1970.      17.6   82  3	""mazda glc custom""",,,,,,,,,31,91,00,68,00,1970,17,82,
"38.0   4   105.0      63.00      2125.      14.7   82  1	""plymouth horizon miser""",,,,,,,,,38,105,63,00,2125,14,82,,
"36.0   4   98.00      70.00      2125.      17.3   82  1	""mercury lynx l""",,,,,,,,,36,98,00,70,00,2125,17,82,
"36.0   4   120.0      88.00      2160.      14.5   82  3	""nissan stanza xe""",,,,,,,,,36,120,88,00,2160,14,82,,
"36.0   4   107.0      75.00      2205.      14.5   82  3	""honda accord""",,,,,,,,,36,107,75,00,2205,14,82,,
"34.0   4   108.0      70.00      2245       16.9   82  3	""toyota corolla""",,,,,,,,,34,108,70,00,2245,16,82,,
"38.0   4   91.00      67.00      1965.      15.0   82  3	""honda civic""",,,,,,,,,38,91,00,67,00,1965,15,82,
"32.0   4   91.00      67.00      1965.      15.7   82  3	""honda civic (auto)""",,,,,,,,,32,91,00,67,00,1965,15,82,
"38.0   4   91.00      67.00      1995.      16.2   82  3	""datsun 310 gx""",,,,,,,,,38,91,00,67,00,1995,16,82,310
"25.0   6   181.0      110.0      2945.      16.4   82  1	""buick century limited""",,,,,,,,,25,181,110,2945,16,82,,,
"38.0   6   262.0      85.00      3015.      17.0   82  1	""oldsmobile cutlass ciera (diesel)""",,,,,,,,,38,262,85,00,3015,17,82,,
"26.0   4   156.0      92.00      2585.      14.5   82  1	""chrysler lebaron medallion""",,,,,,,,,26,156,92,00,2585,14,82,,
"22.0   6   232.0      112.0      2835       14.7   82  1	""ford granada l""",,,,,,,,,22,232,112,2835,14,82,,,
"32.0   4   144.0      96.00      2665.      13.9   82  3	""toyota celica gt""",,,,,,,,,32,144,96,00,2665,13,82,,
"36.0   4   135.0      84.00      2370.      13.0   82  1	""dodge charger 2.2""",,,,,,,,,36,135,84,00,2370,13,82,,
"27.0   4   151.0      90.00      2950.      17.3   82  1	""chevrolet camaro""",,,,,,,,,27,151,90,00,2950,17,82,,
"27.0   4   140.0      86.00      2790.      15.6   82  1	""ford mustang gl""",,,,,,,,,27,140,86,00,2790,15,82,,
"44.0   4   97.00      52.00      2130.      24.6   82  2	""vw pickup""",,,,,,,,,44,97,00,52,00,2130,24,82,
"32.0   4   135.0      84.00      2295.      11.6   82  1	""dodge rampage""",,,,,,,,,32,135,84,00,2295,11,82,,
"28.0   4   120.0      79.00      2625.      18.6   82  1	""ford ranger""",,,,,,,,,28,120,79,00,2625,18,82,,
"31.0   4   119.0      82.00      2720.      19.4   82  1	""chevy s-10""",,,,,,,,,31,119,82,00,2720,19,82,10,
